{
  "columns": [
    "temperature_2m",
    "relative_humidity_2m",
    "dew_point_2m",
    "apparent_temperature",
    "precipitation",
    "rain",
    "weather_code",
    "pressure_msl",
    "surface_pressure",
    "cloud_cover",
    "cloud_cover_low",
    "cloud_cover_mid",
    "cloud_cover_high",
    "wind_speed_10m",
    "wind_direction_10m",
    "wind_gusts_10m",
    "is_day",
    "sunshine_duration",
    "cantidad_robos_log"
  ],
  "features_column_order": [
    "temperature_2m",
    "relative_humidity_2m",
    "dew_point_2m",
    "apparent_temperature",
    "precipitation",
    "rain",
    "weather_code",
    "pressure_msl",
    "surface_pressure",
    "cloud_cover",
    "cloud_cover_low",
    "cloud_cover_mid",
    "cloud_cover_high",
    "wind_speed_10m",
    "wind_direction_10m",
    "wind_gusts_10m",
    "is_day",
    "sunshine_duration"
  ],
  "standard_scaler_mean": [
    17.429653399975322,
    73.38017218842099,
    12.201217979733736,
    16.217818783534963,
    0.10911842074632772,
    0.1091137649279512,
    6.383290267011197,
    1015.8354750098936,
    1013.4489949326071,
    31.3491914343753,
    17.04339222943874,
    17.003189235747374,
    30.565495728286425,
    16.229482257724936,
    155.105663813169,
    29.605287450892757,
    0.5064133901343204,
    1390.1799645867957
  ],
  "standard_scaler_std": [
    6.134909727856916,
    15.390158811643376,
    5.567443486744838,
    7.899110947591106,
    0.6472225253625868,
    0.6472218715855851,
    16.50512545474366,
    6.356684395006319,
    6.312251087099737,
    34.93687117221959,
    32.22348713723243,
    30.128544341527107,
    40.5414264414029,
    6.967119532483163,
    104.22837429807474,
    11.700787844706198,
    0.4999588667350394,
    1696.530677147821
  ]
}